New Emp No,Old Employee Number
1125,111
1126,113
1127,119
1128,120
1129,125
1130,132
1131,141
1132,143
1133,144
1134,157
1135,160
1136,175
1137,182
1138,187
1139,189
1140,190
1141,196
1142,199
1143,202
1144,208
1145,212
1146,220
1147,233
1148,236
1149,239
1150,240
1151,244
1152,245
1153,246
1154,248
1155,259
1156,265
1157,267
1158,271
1159,272
1160,275
1161,279
1162,280
1163,290
1164,294
1165,297
1166,300
1167,302
1168,304
1169,305
1170,306
1171,308
1172,310
1173,311
1174,312
1175,316
1176,322
1177,323
1178,324
1179,327
1180,333
1181,338
1182,340
1183,343
1184,344
1185,351
1186,352
1187,354
1188,355
1189,364
1190,379
1191,392
1192,396
1193,399
1194,406
1195,408
1196,410
1197,411
1198,412
1199,413
1200,414
1201,415
1202,417
1203,418
1204,419
1205,432
1206,433
1207,434
1208,436
1209,437
1210,441
1211,442
1212,443
1213,445
1214,446
1215,448
1216,449
1217,450
1218,453
1219,454
1220,456
1221,459
1222,461
1223,464
1224,465
1225,467
1226,471
1227,473
1228,474
1229,477
1230,478
1231,490
1232,492
1233,496
1234,497
1235,498
1236,503
1237,506
1238,508
1239,510
1240,514
1241,515
1242,519
1243,520
1244,521
1245,522
1246,523
1247,529
1248,531
1249,533
1250,534
1251,535
1252,539
1253,541
1254,543
1255,549
1256,552
1257,554
1258,555
1259,560
1260,561
1261,564
1262,570
1263,572
1264,574
1265,585
1267,587
1268,589
1269,591
1270,594
1271,595
1272,597
1273,598
1274,604
1275,605
1276,607
1277,608
1278,610
1279,615
1280,617
1281,622
1282,625
1283,629
1284,630
1285,631
1286,632
1287,633
1288,634
1289,635
1290,636
1291,637
1292,638
1293,639
1294,640
1295,642
1296,643
1297,645
1298,646
1299,647
1300,650
1301,651
1302,652
1303,653
1304,654
1305,655
1306,656
1307,657
1308,658
1309,659
1310,661
1311,662
1312,664
1313,665
1314,666
1315,667
1316,668
1317,669
1318,670
1319,671
1320,673
1321,674
1322,675
1323,677
1324,678
1325,679
1326,680
1327,681
1328,682
1329,683
1330,684
1331,685
1332,686
1333,687
1334,688
1335,689
1336,690
1337,691
1338,692
1339,693
1340,694
1341,695
1342,696
1343,697
1344,698
1345,699
